Business Name,Phone,Website,Street,City,State,Country,Rating,Review Count,Categories,Google Maps URL
Comrade Digital Marketing Agency,(312) 535-9325,https://comradeweb.com/digital-marketing-agency-chicago,332 S Michigan Ave #900,Chicago,Illinois,US,4.8,98,"Website designer, Advertising agency, Design agency, Market researcher, Marketing agency, Marketing consultant, Internet marketing service",https://www.google.com/maps/search/?api=1&query=Comrade%20Digital%20Marketing%20Agency&query_place_id=ChIJZSBBsdIsDogRrILLxNV4l1c
MECCA Marketing Group Inc. | MMGWebsites,(312) 820-8720,https://mmgwebsites.com,6127 S University Ave Suite 07,Chicago,Illinois,US,4.8,4,"Website designer, Media company, Video production service, Web hosting company, Internet marketing service",https://www.google.com/maps/search/?api=1&query=MECCA%20Marketing%20Group%20Inc.%20%7C%20MMGWebsites&query_place_id=ChIJlVHuv1MvDogRTu-PDqgaJFg
TLO Web Designs,(708) 752-9060,https://www.tlowebdesigns.com,9109 S Chicago Ave,Chicago,Illinois,US,4.9,7,"Website designer, Advertising agency, Graphic designer, Internet marketing service, Marketing agency, Marketing consultant, Video editing service, Video production service, Web hosting company",https://www.google.com/maps/search/?api=1&query=TLO%20Web%20Designs&query_place_id=ChIJzXn4gYcnDogRJsb3z08QL_0
TLj Creative Marketing LLC,(312) 798-9332,https://tljcreativemarketing.com,,,,,5,14,"Website designer, Service establishment, Marketing consultant",https://www.google.com/maps/search/?api=1&query=TLj%20Creative%20Marketing%20LLC&query_place_id=ChIJ81WWrTtch4gRrHlfUJs6IpM
Team Web Development,(312) 841-7678,https://doyjo.com,4122 S Union Ave,Chicago,Illinois,US,,,Website designer,https://www.google.com/maps/search/?api=1&query=team%20web%20development&query_place_id=ChIJU7-rziYsDogRq2LzUkYxdMg
Base64 Marketing & AI Consulting,(312) 313-5253,https://base64marketing.com,3033 S Karlov Ave,Chicago,Illinois,US,5,8,"Website designer, Automation company, Business management consultant, Internet marketing service, Marketing consultant, Advertising agency",https://www.google.com/maps/search/?api=1&query=Base64%20Marketing%20%26%20AI%20Consulting&query_place_id=ChIJT-L4LkaiAmMRcRv0anrtYaA
Krea-tek E-Marketing Group,(312) 330-0924,http://www.krea-tek.net,9518 S Wallace St,Chicago,Illinois,US,,,Internet marketing service,https://www.google.com/maps/search/?api=1&query=Krea-tek%20E-Marketing%20Group&query_place_id=ChIJSae-CHIpDogRUxlZ_MZ7vCw
Ourvision: Creative Design Services and Resources,(312) 618-8936,https://www.ourvisionusa.com,433 W 95th St Suite 102 PMB 1058,Chicago,Illinois,US,,,"Website designer, Graphic designer, Marketing agency, Non-profit organization, Print shop, Design agency",https://www.google.com/maps/search/?api=1&query=Ourvision%3A%20Creative%20Design%20Services%20and%20Resources&query_place_id=ChIJbznLlwclDogRWMlKRQh6_rQ
Nizel Co.,(773) 312-7033,https://www.nizel.co,10625 S Indiana Ave,Chicago,Illinois,US,5,1,"Computer consultant, Marketing consultant",https://www.google.com/maps/search/?api=1&query=Nizel%20Co.&query_place_id=ChIJv3Pe9HEnDogR1YhJ5QggPT8
Cedeno Graphics Studio Inc,(773) 995-8182,http://cgraphicss.com/home.html,820 W 120th St,Chicago,Illinois,US,,,"Graphic designer, Digital printing service, Sign shop, Vehicle wrapping service",https://www.google.com/maps/search/?api=1&query=Cedeno%20Graphics%20Studio%20Inc&query_place_id=ChIJaf1QGmokDogREcZxNPTNgUY
RellTech Pro LLC,(773) 640-4737,http://relltechpro.com,545 W 103rd Pl,Chicago,Illinois,US,,,Graphic designer,https://www.google.com/maps/search/?api=1&query=RellTech%20Pro%20LLC&query_place_id=ChIJHSSRHNQlDogRg3RhB9RIVZA
Apex Nova Digital Marketing,(219) 200-2113,http://apxnova.com,,,,,5,1,"Marketing agency, Service establishment",https://www.google.com/maps/search/?api=1&query=Apex%20Nova%20Digital%20Marketing&query_place_id=ChIJh5UwbPeDV2ERWfSfw-G1hLo